-- ═══════════════════════════════════════════════════════════
-- seed.sql — тестовые данные для локальной разработки
--
-- Создаёт:
--   · 5 пользователей (1 лидер УК + 2 L1 + 2 L2)
--   · Фермы и оборудование для каждого
--   · Начальный pool_stats уже установлен в 001_initial.sql
--
-- Запуск: psql $DATABASE_URL -f src/db/seed.sql
-- ⚠️  Только для dev/staging! Никогда не запускать в prod.
-- ═══════════════════════════════════════════════════════════

BEGIN;

-- ── Пользователи ──────────────────────────────
INSERT INTO users (id, tg_user_id, tg_username, ton_balance, igc_balance, whitelist_asic, mining_mode)
VALUES
  ('00000000-0000-0000-0000-000000000001', 100001, 'leader',   50.0, 500.0, TRUE,  'pool'),
  ('00000000-0000-0000-0000-000000000002', 100002, 'miner_l1a', 10.0, 100.0, FALSE, 'pool'),
  ('00000000-0000-0000-0000-000000000003', 100003, 'miner_l1b',  5.0,  50.0, FALSE, 'solo'),
  ('00000000-0000-0000-0000-000000000004', 100004, 'miner_l2a',  2.0,  20.0, FALSE, 'pool'),
  ('00000000-0000-0000-0000-000000000005', 100005, 'miner_l2b',  1.0,  10.0, FALSE, 'pool')
ON CONFLICT DO NOTHING;

-- Устанавливаем inviter_id
UPDATE users SET inviter_id = '00000000-0000-0000-0000-000000000001'
WHERE id IN (
  '00000000-0000-0000-0000-000000000002',
  '00000000-0000-0000-0000-000000000003'
);
UPDATE users SET inviter_id = '00000000-0000-0000-0000-000000000002'
WHERE id IN (
  '00000000-0000-0000-0000-000000000004',
  '00000000-0000-0000-0000-000000000005'
);

-- ── Рефералы (Управляющая компания) ──────────
INSERT INTO referrals (inviter_id, invitee_id, level) VALUES
  ('00000000-0000-0000-0000-000000000001', '00000000-0000-0000-0000-000000000002', 1),
  ('00000000-0000-0000-0000-000000000001', '00000000-0000-0000-0000-000000000003', 1),
  ('00000000-0000-0000-0000-000000000001', '00000000-0000-0000-0000-000000000004', 2),
  ('00000000-0000-0000-0000-000000000001', '00000000-0000-0000-0000-000000000005', 2)
ON CONFLICT DO NOTHING;

-- ── Фермы ─────────────────────────────────────
INSERT INTO farms (id, user_id, level, cooling_level, workbench_level, mining_mode, max_slots)
VALUES
  ('10000000-0000-0000-0000-000000000001', '00000000-0000-0000-0000-000000000001', 3, 2, 2, 'pool', 20),
  ('10000000-0000-0000-0000-000000000002', '00000000-0000-0000-0000-000000000002', 1, 1, 0, 'pool',  5),
  ('10000000-0000-0000-0000-000000000003', '00000000-0000-0000-0000-000000000003', 1, 1, 0, 'solo',  5),
  ('10000000-0000-0000-0000-000000000004', '00000000-0000-0000-0000-000000000004', 1, 0, 0, 'pool',  5),
  ('10000000-0000-0000-0000-000000000005', '00000000-0000-0000-0000-000000000005', 0, 0, 0, 'pool',  1)
ON CONFLICT DO NOTHING;

-- ── Оборудование ──────────────────────────────
-- Лидер: 1 RTX 4090 + 1 Antminer S19 (whitelist)
INSERT INTO gpus (farm_id, user_id, model_tier, health, status, overclocked, purchase_price_ton)
VALUES
  ('10000000-0000-0000-0000-000000000001', '00000000-0000-0000-0000-000000000001', 4,  100, 'active', FALSE, 25.0),
  ('10000000-0000-0000-0000-000000000001', '00000000-0000-0000-0000-000000000001', 5,  100, 'active', FALSE, 70.0);

-- L1a: 2x RTX 3070
INSERT INTO gpus (farm_id, user_id, model_tier, health, status, overclocked, purchase_price_ton)
VALUES
  ('10000000-0000-0000-0000-000000000002', '00000000-0000-0000-0000-000000000002', 3, 100, 'active', FALSE, 8.0),
  ('10000000-0000-0000-0000-000000000002', '00000000-0000-0000-0000-000000000002', 3,  85, 'active', TRUE,  8.0);

-- L1b: 1x GTX 1660 (соло, разогнана)
INSERT INTO gpus (farm_id, user_id, model_tier, health, status, overclocked, purchase_price_ton)
VALUES
  ('10000000-0000-0000-0000-000000000003', '00000000-0000-0000-0000-000000000003', 2, 70, 'active', TRUE, 2.5);

-- L2a: 1x RX 580 (потрёпанная, нет IGC — симуляция нехватки света)
INSERT INTO gpus (farm_id, user_id, model_tier, health, status, overclocked, purchase_price_ton)
VALUES
  ('10000000-0000-0000-0000-000000000004', '00000000-0000-0000-0000-000000000004', 1, 45, 'active', FALSE, 1.0);

-- L2b: USB Nano (бесплатный стартер)
INSERT INTO gpus (farm_id, user_id, model_tier, health, status, overclocked, purchase_price_ton)
VALUES
  ('10000000-0000-0000-0000-000000000005', '00000000-0000-0000-0000-000000000005', 0, 100, 'active', FALSE, 0.0);

COMMIT;

-- ── Итог seed ─────────────────────────────────
-- Лидер УК:  45 GH/s base + 5% от L1 (15+6 GH/s) + 2% от L2 (3+0.1 GH/s)
-- L1a (pool): 15 GH/s + 15 GH/s (разгон) ≈ 30 GH/s
-- L1b (solo): 6 GH/s (разгон)
-- L2a (pool): 3 GH/s (низкое здоровье)
-- L2b (pool): 0.1 GH/s (USB)
